endpoint,sample,contrast,OR,lower,upper,p_raw,p_Holm
Genoox,Exactly two alleles,Monogenic+Modifier vs True Digenic,2.5434767550794044,1.4567569262450217,4.440874031266589,0.0010270222835926095,0.0030810668507778288
Genoox,Exactly two alleles,Dual Molecular Diagnosis vs True Digenic,1.1304335290142518,0.4302662886791677,2.9699746346441724,0.8035434763233024,0.8035434763233024
Genoox,Exactly two alleles,Monogenic+Modifier vs Dual Molecular Diagnosis,2.2500011630912424,0.8368723994559073,6.049315567347342,0.10804352572059134,0.21608705144118268
Genoox,Recurrent-allele-free,Monogenic+Modifier vs True Digenic,1.7416665979558452,0.9904058698210769,3.062787318680867,0.05404309619656783,0.1621292885897035
Genoox,Recurrent-allele-free,Dual Molecular Diagnosis vs True Digenic,0.9913043360919951,0.46576420467682417,2.109832135847876,0.9819197195477516,0.9819197195477516
Genoox,Recurrent-allele-free,Monogenic+Modifier vs Dual Molecular Diagnosis,1.7569443959278868,0.8300204713134687,3.7190090088954126,0.1407459461553747,0.2814918923107494
Aggregated Prediction,Exactly two alleles,Monogenic+Modifier vs True Digenic,2.3101733102279893,1.2592559095002598,4.238138318848719,0.006839802480165305,0.020519407440495914
Aggregated Prediction,Exactly two alleles,Dual Molecular Diagnosis vs True Digenic,0.8119654111216383,0.2528591917017241,2.60733186885939,0.7263792683268122,0.7263792683268122
Aggregated Prediction,Exactly two alleles,Monogenic+Modifier vs Dual Molecular Diagnosis,2.8451622182239835,0.8723959600824612,9.278983877050578,0.08298401269155072,0.16596802538310143
Aggregated Prediction,Recurrent-allele-free,Monogenic+Modifier vs True Digenic,1.7488037926560493,0.9424643590967214,3.2450189502543503,0.07637968983594734,0.22913906950784202
Aggregated Prediction,Recurrent-allele-free,Dual Molecular Diagnosis vs True Digenic,0.7727272688080984,0.3103808900829762,1.923789289347016,0.5795653361035698,0.5795653361035698
Aggregated Prediction,Recurrent-allele-free,Monogenic+Modifier vs Dual Molecular Diagnosis,2.2631578607980414,0.9096911620738964,5.630354252552258,0.07901644881266995,0.22913906950784202
Genoox,AP-complete sample,Monogenic+Modifier vs True Digenic,1.9692281309766542,1.149314630450638,3.374062531779767,0.013643894518221476,0.027287789036442953
Genoox,AP-complete sample,Dual Molecular Diagnosis vs True Digenic,0.45714368761296875,0.169938792003487,1.2297389469503555,0.12105435956102871,0.12105435956102871
Genoox,AP-complete sample,Monogenic+Modifier vs Dual Molecular Diagnosis,4.307678710952387,1.619474753290409,11.458095187399865,0.0034354066068846933,0.01030621982065408
